5,57.47,218.69204761028288
5,46.3,144.51866850852963
5,47.9,155.14332442283632
5,58.8,227.52379283905026
5,38.32,91.5281971359253
5,44.81,134.62445768833163
5,31.12,43.71724552154541
5,41.56,113.04312536239627
5,45.41,138.60870365619655
5,54.98,202.15742684364318
5,39.52,99.49668907165528
5,29.61,33.69022650241851
5,22.3,-14.851170206069952
5,20.17,-28.99524339199064
5,39.62,100.16073006629944
5,34.54,66.42744753837584
5,31.32,45.045327510833744
5,46.54,146.11236689567568
5,37.5,86.08306097984314
5,54.76,200.69653665542603
5,58.82,227.6566010379791
5,38.8,94.71559391021725
5,60.68,240.00776353836062
5,55.06,202.68865963935855
5,40.62,106.80114001274109
5,49.34,164.70551474571232
5,60.61,239.54293484210967
5,52.01,182.4354093027115
5,38.21,90.79775204181672
5,35.41,72.20460419178008
5,45.55,139.5383610486984
5,46.89,148.43651037693024
5,41.45,112.31268026828769
5,48.81,161.18609747409823
5,38.84,94.98121030807499
5,27.57,20.143790211677555
5,34.75,67.8219336271286
5,65.03,268.8935468053818
5,33.76,61.24792778015134
5,59.89,234.7618396806717
5,59.25,230.51197731494904
5,50.58,172.9396230792999
5,39.85,101.688024353981
5,42.78,121.14442549705507
5,48.61,159.85801548480987
5,39.13,96.90692919254303
5,52.66,186.75167576789852
5,42.63,120.14836400508881
5,42.94,122.20689108848569
5,45.43,138.74151185512545
5,42.41,118.6874738168716
5,29.43,32.49495271205902
5,49.13,163.31102865695954
5,56.2,210.25872697830204
5,34.32,64.9665573501587
5,48.43,158.6627416944504
5,38.35,91.72740943431856
5,41.47,112.44548846721648
5,23.51,-6.816274170875545
5,45.14,136.81579297065736
5,56.01,208.9970490884781
5,45.73,140.7336348390579
5,43.97,129.0465133333206
5,48.45,158.79554989337925
5,41.16,110.38696138381954
5,49.65,166.7640418291092
5,65.72,273.4754296684265
5,44.42,132.03469780921938
5,46.56,146.24517509460452
5,46.42,145.31551770210268
5,37.91,88.8056290578842
5,45.96,142.26092912673948
5,47.16,150.22942106246944
5,55.23,203.8175293302536
5,48.61,159.85801548480987
5,38.36,91.79381353378295
5,31.74,47.83429968833923
5,36.55,79.77467153072357
5,47.84,154.74489982604985
5,55.3,204.28235802650448
5,35.34,71.73977549552919
5,50.75,174.068492770195
5,41.62,113.44154995918274
5,51.4,178.3847592353821
5,44.7,133.89401259422306
5,71.39,311.1265540647507
5,33.17,57.330085911750814
5,84.63,399.04558175563807
5,58.03,222.41067718029024
5,47.49,152.42075634479522
5,47.51,152.55356454372406
5,30.97,42.72118402957915
5,49.99,169.02178121089935
5,38.44,92.32504632949826
5,38.59,93.32110782146458
5,45.8,141.1984635353088
5,37.61,86.81350607395171
5,40.79,107.93000970363619
5,44.13,130.10897892475128
5,57.05,215.90307543277737
5,42.13,116.82815903186798
5,47.37,151.62390715122223
5,38.1,90.06730694770815
5,31.04,43.18601272583007
5,59.37,231.30882650852203
5,37.87,88.54001266002652
5,45.26,137.61264216423035
5,41.92,115.43367294311525
5,43.59,126.52315755367283
5,39.86,101.75442845344543
5,47.67,153.61603013515474
5,53.13,189.87266844272614
5,42.72,120.74600090026854
5,60.11,236.22272986888885
5,45.99,142.46014142513275
5,29.17,30.768446125984212
5,44.9,135.22209458351136
5,34.59,66.75946803569795
5,27.21,17.753242630958567
5,65.76,273.74104606628424
5,66.63,279.51820271968836
5,49.79,167.69369922161104
5,50.06,169.4866099071503
5,54.87,201.4269817495346
5,46.71,147.24123658657072
5,23.68,-5.687404479980472
5,36.52,79.57545923233033
5,18.34,-41.14719359397888
5,37.99,89.33686185359957
5,53.25,190.66951763629913
5,55.76,207.33694660186768
5,58.87,227.9886215353012
5,25.27,4.8708473348617645
5,48.26,157.5338720035553
5,53.24,190.6031135368347
5,81.42,377.7298658275604
5,86.04,408.40855978012087
5,49.32,164.57270654678342
5,61.15,243.12875621318818
7,43.47,125.72630836009978
7,39.58,99.89511366844175
7,50.45,172.07636978626255
7,45.67,140.33521024227144
7,52.07,182.83383389949796
7,55.63,206.47369330883026
7,50.8,174.40051326751706
7,32.87,55.33796292781827
7,31.27,44.71330701351167
7,51.09,176.3262321519852
7,43.05,122.93733618259427
7,54.34,197.90756447792057
7,60.78,240.67180453300477
7,32.04,49.82642267227172
7,47.8,154.4792834281921
7,57.89,221.4810197877884
7,57.79,220.81697879314424
7,45.3,137.87825856208798
7,38.74,94.31716931343078
7,28.76,28.04587804794312
7,42.47,119.08589841365813
7,42.83,121.47644599437712
7,78.82,360.46479996681205
7,57.42,218.36002711296084
7,41.39,111.91425567150117
7,70.31,303.9549113225937
7,47.4,151.8231194496155
7,37.42,85.55182818412783
7,49.81,167.82650742053988
7,37.68,87.27833477020263
7,56.24,210.52434337615966
7,50.4,171.74434928894044
7,46.38,145.049901304245
7,51.45,178.7167797327042
7,44.46,132.300314207077
7,16.05,-56.35373237133025
7,44.43,132.1011019086838
7,29.17,30.768446125984212
7,43.89,128.5152805376053
7,53.49,192.26321602344512
7,56.56,212.64927455902102
7,52.7,187.01729216575626
7,43.88,128.44887643814087
7,62.61,252.82375473499297
7,44.91,135.28849868297573
7,38.63,93.5867242193222
7,33.43,59.05659249782562
7,31.27,44.71330701351167
7,41.01,109.39089989185334
7,29.34,31.897315816879285
7,44.2,130.57380762100223
7,48.43,158.6627416944504
7,66.4,277.99090843200685
7,50.71,173.80287637233732
7,42.25,117.62500822544098
7,44.99,135.8197314786911
7,28.72,27.780261650085436
7,40.67,107.13316051006319
7,44.88,135.08928638458252
7,44.57,133.03075930118558
7,38.51,92.78987502574918
7,40.56,106.40271541595462
7,38.03,89.60247825145723
7,28.21,24.393652577400218
7,40.09,103.28172274112706
7,57.26,217.29756152153016
7,37.21,84.15734209537507
7,45.45,138.8743200540543
7,46.53,146.04596279621126
7,48.71,160.52205647945402
7,35.7,74.13032307624817
7,27.96,22.733550090789805
7,47.32,151.29188665390012
7,44.43,132.1011019086838
7,43.82,128.05045184135435
7,30.42,39.068958559036275
7,72.52,318.6302173042297
7,45.32,138.01106676101682
7,34.05,63.17364666461944
7,60.46,238.54687335014341
7,40.7,107.33237280845646
7,45.84,141.46407993316654
7,41.95,115.63288524150852
7,24.96,2.812320251464854
7,57.13,216.43430822849274
7,40.12,103.48093503952026
7,42.75,120.9452131986618
7,40.16,103.74655143737789
7,39.05,96.37569639682766
7,69.95,301.56436374187473
7,47.11,149.8974005651474
7,47.2,150.49503746032718
7,38.88,95.24682670593262
7,37.71,87.4775470685959
7,35.57,73.26706978321076
7,48.94,162.0493507671356
7,46.37,144.98349720478058
7,47.88,155.01051622390747
7,45.49,139.13993645191192
7,28.96,29.373960037231456
7,61.06,242.53111931800845
7,42.38,118.4882615184784
7,45.79,141.13205943584444
7,36.95,82.43083550930024
7,31.69,47.50227919101715
7,35.86,75.19278866767883
7,41.5,112.64470076560974
7,38.57,93.18829962253568
7,42.59,119.88274760723118
7,43.87,128.38247233867645
7,35.44,72.40381649017331
7,41.93,115.50007704257968
7,49.93,168.62335661411288
7,52.44,185.29078557968137
7,69.48,298.44337106704717
7,83.2,389.54979553222654
7,34.72,67.62272132873534
7,46.04,142.79216192245485
7,30.41,39.002554459571826
7,22.03,-16.64408089160918
7,30.59,40.19782824993135
7,68.64,292.86542671203614
7,51.46,178.78318383216856
7,35.07,69.94686480998993
7,53.8,194.321743106842
7,52.0,182.36900520324707
7,48.87,161.5845220708847
7,35.04,69.74765251159667
7,49.1,163.11181635856627
7,74.89,334.36798887729645
7,96.52,478.00005601882935
7,45.71,140.60082664012907
7,35.99,76.05604196071627
7,27.9,22.33512549400328
7,56.0,208.93064498901367
7,32.97,56.00200392246245
7,61.65,246.448961186409
7,28.09,23.596803383827222
7,38.09,90.00090284824373
7,56.8,214.24297294616696
7,24.46,-0.5078847217559712
7,67.82,287.42029055595395
7,44.09,129.84336252689366
7,33.5,59.52142119407654
7,37.48,85.9502527809143
7,31.28,44.77971111297609
7,80.13,369.16373699665064
7,55.95,208.59862449169162
7,50.15,170.08424680233003
7,113.71,592.1487029981613
7,60.99,242.0662906217575
9,59.41,231.57444290637966
9,35.37,71.9389877939224
9,43.32,124.73024686813352
9,49.01,162.51417946338654
9,39.38,98.56703167915344
9,49.54,166.03359673500063
9,56.82,214.3757811450958
9,52.54,185.95482657432558
9,52.67,186.818079867363
9,51.58,179.58003302574156
9,49.56,166.16640493392947
9,31.7,47.56868329048157
9,45.28,137.7454503631592
9,26.81,15.097078652381896
9,51.95,182.03698470592502
9,56.14,209.8603023815155
9,22.57,-13.058259520530697
9,48.78,160.98688517570497
9,56.04,209.19626138687136
9,57.6,219.5553009033203
9,39.14,96.97333329200745
9,43.09,123.202952580452
9,16.58,-52.83431509971619
9,48.34,158.06510479927067
9,55.87,208.06739169597626
9,52.94,188.6109905529022
9,66.62,279.45179862022405
9,47.92,155.27613262176516
9,72.62,319.29425829887396
9,89.19,429.325851111412
9,44.12,130.04257482528686
9,15.89,-57.41619796276092
9,44.45,132.23391010761264
9,43.62,126.72236985206604
9,43.75,127.58562314510345
9,104.78,532.8498421764374
9,59.35,231.1760183095932
9,57.47,218.69204761028288
9,48.81,161.18609747409823
9,55.0,202.29023504257202
9,41.09,109.9221326875687
9,65.44,271.6161148834228
9,46.11,143.25699061870574
9,45.94,142.12812092781064
9,0.56,-159.21368244171143
9,53.05,189.34143564701077
9,60.8,240.80461273193356
9,43.27,124.39822637081147
9,55.43,205.14561131954196
9,42.91,122.00767879009243
9,41.25,110.98459827899933
9,30.67,40.72906104564669
9,53.47,192.13040782451628
9,5.37,-127.27331059932709
9,31.07,43.38522502422333
9,46.99,149.1005513715744
9,58.85,227.85581333637236
9,33.23,57.72851050853728
9,63.37,257.87046629428863
9,43.16,123.66778127670284
9,78.93,361.1952450609208
9,81.84,380.51883800506596
9,48.12,156.60421461105346
9,38.41,92.12583403110503
9,65.11,269.4247796010971
9,38.5,92.72347092628479
9,45.16,136.94860116958614
9,52.11,183.09945029735565
9,40.66,107.06675641059871
9,50.91,175.13095836162563
9,37.44,85.68463638305661
9,47.37,151.62390715122223
9,58.0,222.21146488189697
9,53.24,190.6031135368347
9,33.53,59.7206334924698
9,52.57,186.1540388727188
9,62.22,250.23399485588072
9,54.97,202.09102274417876
9,35.6,73.46628208160402
9,52.48,185.55640197753905
9,60.79,240.7382086324692
9,13.96,-70.2321891593933
9,45.65,140.2024020433426
9,43.07,123.07014438152311
9,72.25,316.8373066186905
9,46.68,147.04202428817752
9,30.33,38.471321663856486
9,9.85,-97.52427403926849
9,59.01,228.91827892780304
9,33.78,61.380735979080214
9,52.36,184.75955278396606
9,50.02,169.2209935092926
9,60.05,235.82430527210232
9,59.41,231.57444290637966
9,57.37,218.02800661563873
9,51.75,180.70890271663666
9,47.63,153.35041373729706
9,0.88,-157.0887512588501
9,64.04,262.31954095840456
9,42.3,117.95702872276303
9,23.45,-7.214698767662043
9,90.12,435.50143236160284
9,58.23,223.73875916957854
9,46.53,146.04596279621126
9,50.63,173.271643576622
9,17.39,-47.45558304309844
9,52.99,188.9430110502243
9,47.83,154.67849572658537
9,41.95,115.63288524150852
9,54.88,201.49338584899903
9,38.0,89.40326595306396
9,47.53,152.6863727426529
9,67.23,283.50244868755345
9,52.99,188.9430110502243
9,28.75,27.9794739484787
9,55.01,202.35663914203644
9,62.7,253.42139163017276
9,65.8,274.0066624641418
9,14.41,-67.24400468349457
9,68.88,294.4591250991821
9,63.16,256.47598020553585
9,46.14,143.456202917099
9,28.24,24.592864875793452
9,32.22,51.02169646263121
9,65.12,269.4911837005616
9,49.11,163.1782204580307
9,49.07,162.912604060173
9,50.51,172.47479438304902
9,39.67,100.49275056362154
9,26.16,10.780812187194812
9,61.93,248.30827597141268
9,47.34,151.42469485282902
9,26.72,14.499441757202135
9,38.38,91.92662173271182
9,43.55,126.25754115581509
9,43.08,123.13654848098753
9,79.08,362.191306552887
9,36.85,81.76679451465608
9,37.37,85.2198076868057
9,45.47,139.00712825298308
9,31.58,46.77183409690855
9,57.94,221.81304028511045
9,12.68,-78.73191389083863
9,64.98,268.56152630805974
9,31.03,43.119608626365675
9,81.05,375.27291414737704
9,47.16,150.22942106246944
9,79.81,367.0388058137894
9,37.34,85.02059538841249
9,37.31,84.82138309001925
9,36.89,82.03241091251374
9,59.15,229.84793632030488
9,36.15,77.1185075521469
9,61.07,242.59752341747281
9,15.09,-62.72852591991425
9,19.38,-34.24116724967956
9,14.01,-69.90016866207122
9,72.89,321.08716898441315
9,15.38,-60.802807035446165
9,50.53,172.60760258197786
9,62.34,251.03084404945378
9,51.97,182.1697929048538
9,83.12,389.0185627365113
9,35.34,71.73977549552919
9,46.06,142.9249701213837
9,35.35,71.80617959499361
9,61.74,247.04659808158874
9,41.89,115.23446064472199
9,57.48,218.7584517097473
9,41.87,115.10165244579315
9,35.62,73.5990902805328
9,47.54,152.75277684211733
9,38.11,90.13371104717254
9,53.67,193.45848981380465
9,28.46,26.05375506401063
9,21.22,-22.022812948226942
9,57.69,220.15293779850003
9,57.97,222.0122525835037
9,51.98,182.23619700431823
9,99.07,494.9331013822555
9,0.57,-159.147278342247
13,72.52,318.6302173042297
13,61.04,242.3983111190796
13,85.96,407.8773269844055
13,93.34,456.88355238914494
13,70.8,307.20871219635006
13,60.29,237.41800365924837
13,72.93,321.35278538227084
13,41.81,114.70322784900668
13,80.02,368.4332919025421
13,62.45,251.76128914356235
13,82.38,384.10465937614435
13,34.69,67.42350903034207
13,86.37,410.59989506244665
13,45.26,137.61264216423035
13,79.9,367.6364427089692
13,62.83,254.28464492321012
13,66.11,276.06518954753875
13,65.97,275.1355321550369
13,82.65,385.8975700616837
13,40.32,104.80901702880857
13,63.8,260.7258425712585
13,73.31,323.87614116191867
13,62.42,251.5620768451691
13,58.97,228.65266252994536
13,38.8,94.71559391021725
13,66.24,276.9284428405761
13,59.16,229.91434041976925
13,68.64,292.86542671203614
13,81.88,380.78445440292353
13,81.99,381.51489949703216
13,60.69,240.07416763782498
13,6.94,-116.8478669834137
13,83.85,393.86606199741357
13,58.99,228.7854707288742
13,37.6,86.74710197448732
13,78.62,359.13671797752386
13,78.32,357.1445949935912
13,62.52,252.22611783981324
13,66.47,278.45573712825774
13,104.93,533.8459036684037
13,100.35,503.4328261137008
13,7.96,-110.0746488380432
13,64.21,263.4484106492996
13,86.89,414.0529082345962
13,61.75,247.11300218105316
13,53.14,189.93907254219056
13,46.37,144.98349720478058
13,60.44,238.41406515121457
13,76.86,347.4495964717865
13,55.78,207.46975480079652
13,67.23,283.50244868755345
13,42.55,119.61713120937344
13,26.59,13.636188464164746
13,69.38,297.7793300724029
13,64.32,264.1788557434082
13,84.26,396.5886300754547
13,73.92,327.92679122924807
13,72.12,315.97405332565313
13,79.21,363.05455984592436
13,75.48,338.28583074569707
13,60.28,237.35159955978395
13,115.66,605.0975023937225
13,62.59,252.6909465360642
13,69.36,297.6465218734741
13,65.25,270.35443699359894
13,66.16,276.3972100448608
13,59.59,232.76971669673924
13,73.35,324.1417575597763
13,54.31,197.7083521795273
13,69.29,297.1816931772232
13,68.66,292.9982349109649
13,65.35,271.0184779882431
13,66.38,277.85810023307795
13,54.66,200.03249566078182
13,74.16,329.520489616394
13,67.92,288.08433155059816
13,68.66,292.9982349109649
13,70.72,306.67747940063475
13,55.12,203.08708423614502
13,38.22,90.86415614128111
13,54.05,195.98184559345242
13,51.26,177.45510184288025
13,47.94,155.40894082069394
13,55.39,204.87999492168427
13,66.23,276.8620387411118
13,34.23,64.36892045497893
13,60.56,239.21091434478762
13,67.1,282.639195394516
13,140.03,766.9242927885056
13,99.76,499.5149842453003
13,71.25,310.19689667224884
13,83.37,390.6786652231217
13,76.78,346.9183636760712
13,73.12,322.6144632720948
13,71.21,309.93128027439116
13,60.55,239.14451024532315
13,74.39,331.04778390407563
13,74.95,334.766413474083
13,37.2,84.09093799591065
13,54.24,197.24352348327636
13,49.31,164.50630244731906
13,77.73,353.2267531251907
13,1.73,-151.4444028043747
13,23.21,-8.808397154808034
13,67.21,283.36964048862455
13,84.91,400.90489654064174
13,60.61,239.54293484210967
13,58.68,226.72694364547732
13,64.44,264.9757049369812
13,87.96,421.1581468772888
13,48.68,160.32284418106082
13,51.95,182.03698470592502
13,39.61,100.09432596683502
13,95.78,473.08615265846254
13,64.66,266.4365951251983
13,63.64,259.6633769798279
13,46.74,147.44044888496398
13,100.32,503.23361381530754
13,57.15,216.56711642742158
13,58.93,228.38704613208773
13,65.7,273.3426214694977
13,67.41,284.69772247791286
13,101.96,514.1238861274719
13,87.65,419.099619793892
13,61.53,245.652111992836
13,86.93,414.318524632454
13,51.42,178.51756743431093
13,91.55,444.99721858501437
13,55.12,203.08708423614502
13,59.16,229.91434041976925
13,51.54,179.31441662788393
13,44.21,130.6402117204666
13,142.35,782.3300438642501
13,59.5,232.17207980155945
13,22.78,-11.66377343177794
13,71.3,310.5289171695709
13,27.59,20.276598410606397
13,81.24,376.5345920372009
13,88.08,421.95499607086185
13,58.81,227.59019693851474
13,58.69,226.79334774494168
13,83.16,389.28417913436886
13,71.9,314.5131631374359
13,7.11,-115.71899729251862
13,58.93,228.38704613208773
13,21.79,-18.237779278755198
13,75.82,340.54357012748716
13,73.75,326.79792153835297
13,74.64,332.70788639068604
13,66.03,275.53395675182344
13,60.19,236.75396266460416
13,65.1,269.3583755016327
13,71.02,308.6696023845672
13,63.89,261.3234794664383
13,81.41,377.66346172809597
13,51.09,176.3262321519852
13,33.91,62.2439892721176
13,47.21,150.56144155979155
13,63.35,257.7376580953598
13,31.53,46.4398135995865
13,60.33,237.683620057106
13,99.05,494.80029318332674
13,12.51,-79.8607835817337
13,53.27,190.80232583522798
13,9.61,-99.1179724264145
13,48.72,160.58846057891844
13,81.33,377.1322289323807
13,16.05,-56.35373237133025
13,70.27,303.689294924736
13,19.45,-33.776338553428644
13,67.12,282.7720035934449
13,25.46,6.132525224685679
13,3.0,-143.0110821723938
13,80.36,370.6910312843323
13,91.01,441.41139721393586
13,115.46,603.7694204044342
13,59.83,234.36341508388517
13,127.91,686.4425242376327
13,68.38,291.13892012596125
13,162.37,915.2710509920121
13,147.53,816.727367386818
13,126.25,675.4194437265396
15,105.8,539.6230603218079
15,105.52,537.7637455368042
15,75.46,338.15302254676817
15,81.91,380.9836667013168
15,100.53,504.6280999040604
15,118.83,626.1476019239426
15,141.33,775.5568257188797
15,98.05,488.1598832368851
15,100.01,501.1750867319107
15,95.68,472.42211166381844
15,108.77,559.3450778627396
15,82.91,387.62407664775844
15,80.73,373.1479829645157
15,64.22,263.514814748764
15,120.69,638.498764424324
15,87.32,416.9082845115661
15,95.99,474.48063874721527
15,92.42,450.77437523841854
15,73.64,326.0674764442444
15,89.09,428.6618101167679
15,95.57,471.6916665697097
15,122.46,650.2522900295257
15,97.43,484.04282907009133
15,33.79,61.44714007854461
15,73.34,324.07535346031193
15,109.5,564.192577123642
15,79.5,364.98027873039246
15,96.2,475.875124835968
15,31.24,44.514094715118404
15,95.0,467.90663290023804
15,96.3,476.5391658306122
15,91.25,443.00509560108185
15,84.54,398.4479448604584
15,82.72,386.36239875793456
15,104.22,529.13121260643
15,99.76,499.5149842453003
15,106.72,545.7322374725342
15,88.29,423.3494821596146
15,90.44,437.6263635444641
15,48.78,160.98688517570497
15,70.18,303.0916580295563
15,91.66,445.7276636791229
15,116.05,607.6872622728348
15,93.33,456.8171482896805
15,122.37,649.6546531343461
15,92.77,453.09851871967317
15,100.43,503.9640589094163
15,89.35,430.38831670284264
15,111.48,577.3405888175964
15,76.0,341.7388439178467
15,67.27,283.768065085411
15,97.69,485.76933565616605
15,108.05,554.5639827013016
15,106.08,541.4823751068116
15,84.46,397.916712064743
15,83.49,391.47551441669464
15,91.66,445.7276636791229
15,93.63,458.8092712736129
15,26.27,11.511257281303415
15,94.65,465.5824894189835
15,99.82,499.9134088420867
15,77.37,350.8362055444718
15,97.04,481.453069190979
15,100.1,501.7727236270904
15,53.74,193.92331851005554
15,95.12,468.7034820938111
15,85.36,403.8930810165406
15,93.8,459.9381409645081
15,105.2,535.6388143539428
15,71.6,312.5210401535034
15,38.01,89.46967005252836
15,115.92,606.8240089797973
15,99.22,495.9291628742218
15,100.22,502.56957282066344
15,79.97,368.10127140522
15,75.61,339.14908403873443
15,95.04,468.1722492980957
15,89.33,430.2555085039139
15,70.43,304.7517605161667
15,112.7,585.4418889522552
15,7.56,-112.73081281661987
15,64.02,262.18673275947566
15,103.38,523.553268251419
15,167.09,946.6137859392165
15,118.93,626.8116429185868
15,7.19,-115.18776449680328
15,98.39,490.4176226186752
15,77.39,350.9690137434005
15,85.71,406.2172244977951
15,72.81,320.55593618869784
15,106.22,542.4120324993133
15,97.35,483.51159627437585
15,77.14,349.3089112567901
15,121.39,643.1470513868331
15,99.16,495.53073827743526
15,79.96,368.0348673057556
15,91.23,442.872287402153
15,73.21,323.21210016727446
15,103.24,522.6236108589172
15,77.05,348.7112743616104
15,48.24,157.40106380462646
15,79.76,366.7067853164673
15,87.48,417.9707501029968
15,125.76,672.1656428527832
15,92.0,447.9854030609131
15,84.28,396.72143827438356
15,103.18,522.2251862621308
15,92.09,448.5830399560929
15,86.93,414.318524632454
15,98.63,492.0113210058212
15,97.0,481.18745279312134
15,118.59,624.5539035367966
15,99.69,499.05015554904935
15,122.21,648.5921875429153
15,71.75,313.51710164546967
15,55.55,205.9424605131149
15,84.51,398.24873256206513
15,84.62,398.97917765617376
15,131.48,710.1487877464293
15,89.55,431.71639869213107
15,99.87,500.24542933940893
15,74.64,332.70788639068604
15,93.82,460.0709491634368
15,124.58,664.3299591159821
15,20.94,-23.88212773323059
15,90.71,439.41927423000334
15,123.18,655.0333851909638
15,73.07,322.2824427747726
15,77.78,353.55877362251283
15,87.69,419.36523619174955
15,113.41,590.1565800142288
15,90.6,438.6888291358947
15,50.34,171.34592469215397
15,36.76,81.1691576194763
15,117.51,617.3822607946396
15,94.99,467.8402288007736
15,124.07,660.9433500432967
15,89.0,428.06417322158813
15,92.81,453.36413511753085
15,85.77,406.6156490945816
15,125.04,667.3845476913452
15,97.82,486.6325889492034
15,76.78,346.9183636760712
15,128.4,689.6963251113892
15,128.25,688.7002636194229
15,69.78,300.4354940509796
15,38.9,95.37963490486146
15,48.48,158.99476219177245
15,76.82,347.1839800739288
15,69.69,299.83785715579984
15,93.67,459.0748876714706
15,1.38,-153.76854628562927
15,75.87,340.8755906248093
15,72.97,321.61840178012847
15,90.88,440.5481439208984
15,68.89,294.52552919864655
15,25.68,7.593415412902829
15,136.48,743.3508374786376
15,69.26,296.98248087883
15,93.12,455.4226622009278
15,112.68,585.3090807533265
15,61.55,245.7849201917648
15,65.92,274.80351165771486
15,61.28,243.9920095062256
15,62.48,251.96050144195556
15,76.94,347.9808292675018
15,87.62,418.9004074954987
15,81.1,375.60493464469903
15,139.58,763.9361083126068
15,62.86,254.4838572216034
15,65.19,269.9560123968124
15,100.58,504.9601204013825
15,131.4,709.6175549507142
15,100.97,507.5498802804947
15,53.59,192.92725701808934
15,4.35,-134.04652874469758
15,72.92,321.2863812828064
15,114.12,594.8712710762024
15,54.84,201.2277694511414
15,58.56,225.93009445190432
15,85.44,404.42431381225583
15,111.13,575.0164453363418
15,105.2,535.6388143539428
15,60.05,235.82430527210232
15,67.63,286.15861266613
15,57.85,221.2154033899307
15,61.52,245.5857078933716
15,34.84,68.41957052230836
15,108.57,558.0169958734512
15,34.65,67.15789263248442
15,18.25,-41.74483048915863
17,107.29,549.5172711420059
17,106.61,545.0017923784256
17,83.04,388.4873299407959
17,110.61,571.5634321641922
17,114.46,597.1290104579925
17,86.0,408.1429433822632
17,114.07,594.5392505788802
17,141.29,775.2912093210219
17,104.14,528.5999798107147
17,126.82,679.2044773960113
17,148.0,819.8483600616455
17,89.46,431.1187617969513
17,88.17,422.55263296604153
17,80.89,374.2104485559463
17,113.46,590.4886005115509
17,97.33,483.3787880754471
17,101.09,508.34672947406773
17,112.57,584.5786356592178
17,123.93,660.0136926507951
17,118.55,624.2882871389389
17,85.79,406.74845729351046
17,118.42,623.4250338459015
17,124.43,663.3338976240159
17,100.4,503.764846611023
17,126.05,674.0913617372513
17,119.18,628.4717454051972
17,71.76,313.58350574493414
17,68.89,294.52552919864655
17,4.93,-130.19509097576142
17,87.91,420.8261263799667
17,103.31,523.0884395551682
17,86.24,409.7366417694092
17,139.88,765.9282312965393
17,117.61,618.0463017892838
17,60.13,236.3555380678177
17,120.75,638.8971890211105
17,97.34,483.44519217491154
17,83.01,388.28811764240265
17,86.59,412.0607852506638
17,42.6,119.94915170669555
17,119.15,628.272533106804
17,97.93,487.36303404331215
17,104.21,529.0648085069656
17,100.09,501.7063195276261
17,83.88,394.06527429580683
17,100.77,506.22179829120637
17,96.23,476.07433713436126
17,113.15,588.4300734281541
17,57.05,215.90307543277737
17,113.74,592.3479152965546
17,101.33,509.9404278612137
17,39.6,100.0279218673706
17,71.85,314.1811426401138
17,138.14,754.3739179897308
17,106.38,543.474498090744
17,120.75,638.8971890211105
17,45.63,140.06959384441376
17,102.05,514.7215230226517
17,62.75,253.7534121274948
17,73.93,327.9931953287125
17,103.36,523.4204600524903
17,86.22,409.60383357048033
17,70.63,306.07984250545496
17,109.13,561.7356254434585
17,102.36,516.7800501060486
17,48.62,159.9244195842743
17,87.51,418.1699624013901
17,112.02,580.9264101886749
17,120.52,637.369894733429
17,100.43,503.9640589094163
17,107.71,552.3062433195114
17,59.94,235.09386017799375
17,93.15,455.62187449932105
17,104.2,528.9984044075012
17,118.39,623.2258215475082
17,79.28,363.5193885421753
17,93.43,457.4811892843247
17,89.49,431.31797409534454
17,57.12,216.36790412902832
17,89.85,433.70852167606347
17,74.11,329.18846911907195
17,86.29,410.0686622667313
17,83.77,393.3348292016983
17,60.92,241.6014619255066
17,56.1,209.59468598365783
17,89.42,430.8531453990936
17,69.59,299.17381616115574
17,69.77,300.36908995151515
17,95.98,474.41423464775085
17,87.89,420.69331818103785
17,101.29,509.67481146335604
17,157.7,884.2603365421294
17,74.21,329.8525101137161
17,107.57,551.3765859270095
17,103.21,522.424398560524
17,69.92,301.36515144348147
17,134.97,733.3238184595108
17,52.54,185.95482657432558
17,130.53,703.8403982973099
17,128.97,693.4813587808609
17,106.86,546.6618948650361
17,86.49,411.3967442560196
17,100.33,503.30001791477207
17,120.58,637.7683193302155
17,66.83,280.8462847089767
17,95.14,468.8362902927398
17,60.94,241.7342701244354
17,149.82,831.9339061641692
17,100.02,501.24149083137513
17,102.12,515.1863517189026
17,54.76,200.69653665542603
17,122.65,651.5139679193497
17,92.88,453.8289638137817
17,45.8,141.1984635353088
17,112.72,585.5746971511841
17,113.66,591.8166825008392
17,98.15,488.8239242315293
17,82.99,388.1553094434738
17,125.0,667.1189312934875
17,101.83,513.2606328344345
17,107.06,547.9899768543244
17,80.26,370.0269902896881
17,112.69,585.3754848527908
17,46.02,142.659353723526
17,76.95,348.0472333669663
17,76.9,347.7152128696442
17,105.26,536.0372389507294
17,94.37,463.72317463397985
17,103.11,521.7603575658799
17,127.09,680.9973880815506
17,33.55,59.853441691398615
17,68.48,291.8029611206055
17,95.05,468.23865339756014
17,60.96,241.86707832336424
17,76.57,345.5238775873184
17,112.06,581.1920265865326
17,71.87,314.3139508390427
17,58.96,228.58625843048094
17,64.4,264.71008853912355
17,82.07,382.0461322927474
17,70.35,304.22052772045134
17,63.43,258.26889089107516
17,80.07,368.7653123998641
17,160.18,900.7285532093049
17,50.84,174.6661296653748
17,88.37,423.88071495532995
17,85.42,404.291505613327
17,66.08,275.8659772491455
17,13.58,-72.75554493904114
17,70.48,305.0837810134888
17,60.74,240.4061881351471
17,77.42,351.1682260417938
17,114.12,594.8712710762024
17,123.03,654.0373236989975
17,79.97,368.10127140522
17,103.76,526.0766240310669
17,54.74,200.5637284564972
17,2.77,-144.53837646007537
17,162.85,918.4584477663041
17,207.67,1216.0816215658188
17,47.27,150.95986615657807
17,30.54,39.86580775260924
17,116.97,613.7964394235611
17,112.35,583.1177454710006
17,73.66,326.2002846431732
17,36.31,78.1809731435776
17,191.58,1109.2374255275727
17,53.24,190.6031135368347
17,51.48,178.9159920310974
17,56.39,211.52040486812592
17,95.92,474.0158100509643
21,127.02,680.5325593852997
21,156.05,873.3036601305009
21,191.58,1109.2374255275727
21,89.0,428.06417322158813
21,131.5,710.2815959453583
21,125.98,673.6265330410004
21,141.17,774.494360127449
21,103.22,522.4908026599884
21,148.37,822.305311741829
21,158.81,891.6311915826798
21,154.48,862.8782165145874
21,90.47,437.82557584285735
21,156.33,875.1629749155045
21,148.08,820.3795928573609
21,141.57,777.1505241060256
21,146.12,807.3643893623353
21,160.78,904.7127991771697
21,159.36,895.2834170532228
21,153.88,858.8939705467224
21,164.69,930.6768020677566
21,176.99,1012.3538444089891
21,189.52,1095.5581810379028
21,129.89,699.5905359315872
21,151.7,844.4178768634796
21,137.27,748.5967613363267
21,177.96,1018.7950420570373
21,156.01,873.038043732643
21,155.25,867.9913321733475
21,102.11,515.1199476194382
21,130.07,700.7858097219466
21,138.82,758.8893967533111
21,29.21,31.034062523841868
21,150.37,835.5861316347123
21,153.44,855.9721901702881
21,47.83,154.67849572658537
21,175.32,1001.2643597984313
21,201.35,1174.1142307043076
21,100.95,507.41707208156583
21,147.21,814.6024362039567
21,127.01,680.4661552858353
21,97.31,483.2459798765183
21,158.98,892.7600612735748
21,127.05,680.731771683693
21,167.03,946.21536134243
21,140.72,771.5061756515503
21,158.2,887.5805415153502
21,165.18,933.9306029415131
21,104.25,529.3304249048233
21,92.06,448.3838276576996
21,146.31,808.6260672521591
21,174.31,994.5575457525254
21,166.3,941.3678620815278
21,155.31,868.389756770134
21,169.25,960.9570714235306
21,97.91,487.2302258443832
21,111.69,578.7350749063492
21,111.45,577.1413765192032
21,134.85,732.5269692659377
21,9.58,-99.31718472480773
21,115.31,602.773358912468
21,33.58,60.05265398979185
21,131.18,708.156664762497
21,147.59,817.1257919836045
21,190.85,1104.3899262666703
21,119.98,633.7840733623505
21,92.85,453.6297515153884
21,34.89,68.75159101963044
21,116.56,611.07387134552
21,65.5,272.01453948020935
21,112.89,586.7035668420791
21,157.82,885.0571857357024
21,128.24,688.6338595199586
21,157.83,885.123589835167
21,112.08,581.3248347854615
21,154.21,861.0853058290481
21,154.22,861.1517099285127
21,118.57,624.4210953378677
21,124.82,665.923657503128
21,157.03,879.8112618780135
21,166.97,945.8169367456437
21,117.22,615.4565419101715
21,108.67,558.6810368680954
21,57.08,216.10228773117063
21,114.37,596.5313735628129
21,136.59,744.0812825727463
21,140.4,769.381244468689
21,94.06,461.6646475505829
21,99.51,497.8548817586899
21,110.45,570.5009665727615
21,113.06,587.8324365329743
21,127.86,686.1105037403107
21,153.57,856.8354434633254
21,104.02,527.8031306171417
21,182.46,1048.6768868160248
21,144.65,797.602986741066
21,118.68,625.1515404319764
21,109.86,566.583124704361
21,155.04,866.5968460845947
21,181.91,1045.024661345482
21,124.2,661.8066033363342
21,53.61,193.06006521701812
21,102.1,515.0535435199737
21,124.14,661.4081787395477
21,122.0,647.1977014541626
21,24.37,-1.1055216169357323
21,93.96,461.0006065559387
21,5.6,-125.74601631164552
21,140.79,771.9710043478011
21,93.33,456.8171482896805
21,101.72,512.5301877403259
21,85.3,403.49465641975405
21,183.48,1055.4501049613953
21,63.01,255.47991871356965
21,133.78,725.4217306232453
21,147.42,815.9969222927093
21,138.4,756.1004245758057
21,110.23,569.0400763845444
21,51.63,179.91205352306366
21,238.98,1423.9928569889069
21,197.53,1148.7478647089004
21,61.09,242.7303316164017
21,93.76,459.6725245666504
21,114.75,599.0547293424606
21,128.95,693.348550581932
21,116.08,607.8864745712281
21,146.77,811.6806558275224
21,138.42,756.2332327747345
21,225.04,1331.4255423355103
21,86.29,410.0686622667313
21,76.44,344.660624294281
21,87.12,415.5802025222779
21,116.17,608.4841114664077
21,155.03,866.5304419851302
21,130.96,706.6957745742799
21,118.75,625.6163691282272
21,119.33,629.4678068971634
21,82.67,386.03037826061245
21,87.45,417.77153780460355
21,55.22,203.75112523078917
21,58.57,225.9964985513687
21,130.72,705.1020761871338
21,2.34,-147.3937527370453
21,31.83,48.43193658351896
21,66.8,280.64707241058346
21,33.11,56.93166131496429
21,103.66,525.4125830364227
21,191.54,1108.971809129715
23,136.79,745.4093645620345
23,83.83,393.73325379848484
23,121.7,645.2055784702301
23,143.76,791.6930218887328
23,141.04,773.6311068344115
23,141.64,777.6153528022766
23,86.99,414.7169492292404
23,152.24,848.0036982345582
23,162.08,913.345332107544
23,143.63,790.8297685956954
23,147.45,816.1961345911026
23,88.27,423.21667396068574
23,114.09,594.6720587778092
23,114.39,596.6641817617416
23,110.43,570.3681583738328
23,118.61,624.6867117357255
23,124.22,661.939411535263
23,148.65,824.1646265268326
23,130.86,706.0317335796357
23,163.84,925.0324536132812
23,130.59,704.2388228940964
23,160.0,899.5332794189453
23,105.78,539.490252122879
23,107.66,551.9742228221893
23,119.86,632.9872241687775
23,105.62,538.4277865314484
23,155.89,872.24119453907
23,135.17,734.6519004487991
23,85.7,406.15082039833067
23,131.17,708.0902606630325
23,110.47,570.6337747716904
23,143.24,788.2400087165834
23,74.9,334.4343929767609
23,102.81,519.7682345819474
23,113.71,592.1487029981613
23,35.54,73.0678574848175
23,106.81,546.329874367714
23,204.73,1196.5588163232803
23,128.47,690.1611538076401
23,136.06,740.5618653011322
23,100.13,501.97193592548365
23,102.67,518.8385771894455
23,88.69,426.0056461381912
23,115.81,606.0935638856888
23,133.8,725.5545388221741
23,153.19,854.3120876836776
23,117.84,619.5735960769654
23,86.29,410.0686622667313
23,153.77,858.163525452614
23,87.37,417.2403050088883
23,151.72,844.5506850624084
23,120.03,634.1160938596726
23,156.22,874.432529821396
23,145.12,800.7239794158936
23,136.33,742.3547759866715
23,108.45,557.2201466798782
23,112.65,585.1098684549332
23,122.96,653.5724950027466
23,168.44,955.5783393669128
23,156.43,875.8270159101487
23,9.63,-98.98516422748565
23,93.51,458.01242208004
23,116.93,613.5308230257035
23,148.58,823.6997978305817
23,68.88,294.4591250991821
23,191.22,1106.8468779468537
23,142.32,782.1308315658569
23,145.79,805.1730540800094
23,136.41,742.8860087823867
23,142.41,782.7284684610366
23,131.07,707.4262196683883
23,34.04,63.10724256515502
23,36.73,80.96994532108306
23,7.13,-115.58618909358978
23,85.27,403.2954441213608
23,169.38,961.8203247165679
23,137.81,752.1825827074051
23,121.23,642.0845857954025
23,143.49,789.9001112031938
23,117.0,613.9956517219543
23,104.42,530.4592945957183
23,110.68,572.0282608604432
23,125.28,668.9782460784912
23,129.89,699.5905359315872
23,130.51,703.7075900983809
23,138.99,760.0182664442063
23,109.16,561.9348377418518
23,112.57,584.5786356592178
23,134.33,729.0739560937882
23,97.94,487.42943814277646
23,134.28,728.7419355964661
23,188.88,1091.3083186721801
23,126.27,675.5522519254685
23,114.99,600.6484277296066
23,41.62,113.44154995918274
23,8.23,-108.28173815250396
23,118.78,625.8155814266205
23,98.18,489.02313652992257
23,75.7,339.7467209339142
23,68.21,290.0100504350662
23,126.31,675.8178683233261
23,145.31,801.9856573057175
23,132.82,719.0469370746612
23,85.8,406.8148613929749
23,174.03,992.6982309675216
23,107.72,552.3726474189758
23,143.93,792.8218915796281
23,58.8,227.52379283905026
23,75.74,340.0123373317718
23,142.03,780.2051126813889
23,150.85,838.7735284090041
23,97.88,487.03101354598994
23,148.13,820.7116133546829
23,118.57,624.4210953378677
23,160.1,900.1973204135895
23,104.52,531.1233355903626
23,213.43,1254.3303828573228
23,158.1,886.9165005207062
23,110.38,570.0361378765106
23,43.93,128.78089693546298
23,157.38,882.1354053592681
23,115.92,606.8240089797973
23,122.74,652.1116048145294
23,118.22,622.0969518566131
23,109.46,563.9269607257843
23,107.19,548.8532301473617
23,100.86,506.81943518638616
23,127.67,684.8488258504867
23,125.45,670.1071157693863
23,62.22,250.23399485588072
23,115.01,600.7812359285355
23,165.13,933.5985824441909
23,88.61,425.47441334247594
23,205.87,1204.1288836622239
23,60.1,236.15632576942443
23,167.58,949.8675868129731
23,69.34,297.51371367454533
23,123.47,656.9591040754318
23,66.05,275.6667649507522
23,109.66,565.2550427150726
23,174.9,998.4753876209259
23,99.29,496.39399157047274
23,90.53,438.2240004396439
23,58.0,222.21146488189697
23,33.05,56.53323671817779
23,67.08,282.50638719558714
23,65.13,269.5575878000259
23,162.81,918.1928313684464
23,19.25,-35.10442054271698
23,118.81,626.0147937250138
23,23.57,-6.417849574089047
23,104.45,530.6585068941116
23,100.64,505.3585449981689
23,53.56,192.72804471969607
25,128.27,688.8330718183519
25,149.93,832.664351258278
25,208.94,1224.5149421977997
25,132.73,718.4493001794814
25,132.02,713.7346091175081
25,135.83,739.0345710134507
25,147.01,813.2743542146682
25,167.27,947.8090597295761
25,179.42,1028.4900405788421
25,118.31,622.6945887517929
25,202.74,1183.3444005298616
25,158.2,887.5805415153502
25,89.08,428.5954060173035
25,62.89,254.68306951999665
25,179.18,1026.8963421916962
25,79.81,367.0388058137894
25,148.32,821.9732912445068
25,108.7,558.8802491664886
25,117.57,617.780685391426
25,106.76,545.9978538703919
25,107.9,553.5679212093354
25,168.09,953.2541958856582
25,126.9,679.7357101917268
25,125.81,672.4976633501053
25,170.98,972.4449806308746
25,180.3,1034.333601331711
25,150.69,837.7110628175735
25,146.76,811.6142517280578
25,147.88,819.0515108680725
25,66.62,279.45179862022405
25,109.83,566.3839124059677
25,157.23,881.1393438673019
25,200.01,1165.2160813760756
25,126.63,677.9427995061874
25,103.44,523.9516928482055
25,96.51,477.93365191936493
25,1.75,-151.31159460544586
25,144.84,798.8646646308899
25,17.31,-47.9868158388138
25,117.84,619.5735960769654
25,148.42,822.637332239151
25,140.45,769.713264966011
25,130.44,703.2427614021301
25,125.29,669.0446501779556
25,69.17,296.3848439836502
25,86.81,413.52167543888095
25,154.19,860.9524976301193
25,132.4,716.2579648971558
25,110.48,570.7001788711548
25,9.56,-99.44999292373657
25,112.68,585.3090807533265
25,165.43,935.5907054281236
25,66.93,281.51032570362094
25,100.77,506.22179829120637
25,73.2,323.1456960678101
25,114.02,594.2072300815582
25,19.32,-34.63959184646606
25,142.3,781.9980233669281
25,135.52,736.9760439300538
25,43.41,125.32788376331325
25,121.27,642.3502021932602
25,145.24,801.5208286094667
25,101.46,510.8036811542511
25,63.33,257.60484989643095
25,169.61,963.3476190042497
25,140.24,768.3187788772584
25,101.03,507.9483048772812
25,135.9,739.4993997097016
25,90.58,438.556020936966
25,104.44,530.5921027946472
25,186.19,1073.445615916252
25,129.28,695.5398858642578
25,138.36,755.834808177948
25,159.94,899.1348548221588
25,173.92,991.967785873413
25,153.45,856.0385942697525
25,140.21,768.1195665788651
25,111.43,577.0085683202744
25,109.11,561.6028172445298
25,197.83,1150.739987692833
25,194.43,1128.1625938749314
25,140.1,767.3891214847564
25,154.16,860.753285331726
25,167.99,952.5901548910142
25,107.82,553.0366884136199
25,31.16,43.982861919403064
25,111.69,578.7350749063492
25,127.26,682.1262577724457
25,153.69,857.6322926568985
25,130.01,700.3873851251601
25,96.48,477.73443962097167
25,125.01,667.185335392952
25,150.74,838.0430833148957
25,138.43,756.299636874199
25,195.57,1135.7326612138747
25,137.0,746.8038506507874
25,140.41,769.4476485681533
25,143.6,790.6305562973022
25,103.88,526.8734732246398
25,117.07,614.4604804182052
25,127.35,682.7238946676254
25,135.82,738.9681669139861
25,161.95,912.4820788145064
25,81.35,377.26503713130944
25,30.5,39.60019135475159
25,119.15,628.272533106804
25,93.88,460.46937376022333
25,146.28,808.4268549537659
25,102.22,515.8503927135467
25,124.64,664.7283837127685
25,145.06,800.3255548191071
25,145.65,804.2433966875077
25,215.93,1270.931407723427
25,113.27,589.226922621727
25,72.6,319.16145009994506
25,43.78,127.78483544349672
25,192.33,1114.217732987404
25,157.59,883.5298914480209
25,73.3,323.8097370624542
25,111.01,574.2195961427689
25,94.37,463.72317463397985
25,81.22,376.4017838382721
25,129.4,696.3367350578309
25,5.66,-125.347591714859
25,76.08,342.270076713562
25,155.46,869.3858182621002
25,164.11,926.8253642988207
25,119.49,630.530272488594
25,99.15,495.46433417797095
25,189.29,1094.0308867502213
25,25.68,7.593415412902829
25,168.58,956.5079967594147
25,4.62,-132.25361805915833
25,155.94,872.5732150363922
25,87.22,416.244243516922
25,97.51,484.5740618658066
25,157.73,884.4595488405228
25,137.92,752.9130278015136
25,84.0,394.8621234893799
25,178.64,1023.3105208206175
25,83.21,389.61619963169096
25,143.53,790.1657276010513
25,162.58,916.6655370807648
25,59.55,232.5041002988815
25,84.47,397.98311616420744
25,81.61,378.9915437173844
25,137.44,749.7256310272217
25,169.35,961.6211124181748
25,22.05,-16.511272692680365
25,25.31,5.13646373271942
25,132.96,719.9765944671632
25,119.72,632.0575667762756
25,90.82,440.14971932411186
25,176.04,1006.0454549598694
25,152.3,848.4021228313446
25,14.11,-69.23612766742707
25,57.69,220.15293779850003
25,151.17,840.8984595918655
25,119.68,631.791950378418
25,52.39,184.95876508235932
25,163.74,924.3684126186372
25,134.06,727.2810454082489
25,194.27,1127.1001282835007
25,111.09,574.7508289384842
25,229.52,1361.1745788955689
25,121.43,643.4126677846909
29,108.36,556.6225097846985
29,203.52,1188.523920288086
29,252.96,1516.8257880401611
29,231.44,1373.9241659927368
29,156.98,879.4792413806915
29,204.18,1192.9065908527375
29,235.39,1400.1537852811812
29,151.03,839.9688021993637
29,4.12,-135.57382303237915
29,158.76,891.2991710853576
29,214.44,1261.0371969032287
29,176.45,1008.7680230379103
29,187.24,1080.418046360016
29,163.2,920.7825912475585
29,193.47,1121.7878003263475
29,198.79,1157.114781241417
29,130.79,705.5669048833846
29,154.07,860.1556484365462
29,159.88,898.7364302253723
29,141.89,779.275455288887
29,140.75,771.7053879499435
29,207.23,1213.1598411893845
29,185.84,1071.1214724349975
29,156.95,879.2800290822981
29,127.06,680.7981757831574
29,171.56,976.2964183998108
29,224.02,1324.6523241901398
29,157.46,882.6666381549835
29,128.83,692.5517013883591
29,94.73,466.1137222146988
29,101.73,512.5965918397903
29,207.13,1212.4958001947402
29,199.45,1161.4974518060683
29,247.48,1480.4363415336609
29,222.85,1316.883044552803
29,188.09,1086.0623948144912
29,248.78,1489.068874464035
29,151.2,841.0976718902588
29,152.74,851.323903207779
29,111.31,576.2117191267014
29,155.82,871.7763658428191
29,174.0,992.4990186691284
29,245.78,1469.14764462471
29,106.17,542.0800120019912
29,209.72,1229.6944619560243
29,184.9,1064.8794870853424
29,173.99,992.4326145696641
29,195.72,1136.7287227058412
29,198.07,1152.3336860799789
29,198.41,1154.5914254617692
29,191.94,1111.6279731082916
29,206.39,1207.5818968343733
29,385.83,2399.1370576238633
29,157.29,881.5377684640885
29,176.35,1008.1039820432663
29,173.74,990.7725120830537
29,136.05,740.4954612016678
29,168.15,953.6526204824447
29,182.08,1046.153531036377
29,196.13,1139.451290783882
29,95.15,468.90269439220435
29,167.97,952.4573466920854
29,201.57,1175.5751208925246
29,178.31,1021.119185538292
29,172.0,979.2181987762451
29,172.82,984.6633349323272
29,184.73,1063.7506173944473
29,227.05,1344.772766327858
29,181.66,1043.3645588588715
29,215.17,1265.8846961641311
29,162.48,916.0014960861206
29,214.34,1260.3731559085845
29,227.41,1347.163313908577
29,131.91,713.0041640233993
29,171.45,975.5659733057021
29,196.83,1144.0995777463913
29,200.24,1166.7433756637574
29,176.32,1007.904769744873
29,231.74,1375.9162889766694
29,168.92,958.7657361412048
29,139.41,762.8072386217117
29,159.65,897.2091359376907
29,368.66,2285.12121884346
29,199.29,1160.4349862146378
29,130.85,705.9653294801711
29,164.04,926.3605356025696
29,128.75,692.0204685926437
29,170.63,970.12083714962
29,188.62,1089.5818120861054
29,223.09,1318.476742939949
29,144.47,796.4077129507065
29,216.48,1274.5836331939697
29,201.09,1172.3877241182327
29,194.58,1129.1586553668976
29,163.7,924.1027962207793
29,174.86,998.2097712230684
29,174.21,993.8935047578811
29,175.65,1003.4556950807571
29,192.31,1114.084924788475
29,175.07,999.6042573118209
29,148.14,820.7780174541473
29,156.44,875.893420009613
29,184.64,1063.1529804992674
29,184.11,1059.6335632276537
29,112.88,586.6371627426147
29,142.68,784.521379146576
29,107.99,554.1655581045151
29,123.12,654.6349605941773
29,134.43,729.7379970884324
29,137.71,751.518541712761
29,166.53,942.8951563692092
29,116.76,612.4019533348084
29,91.55,444.99721858501437
29,92.54,451.5712244319916
29,190.98,1105.2531795597076
29,99.38,496.9916284656524
29,867.21,5595.697597641945
29,129.06,694.0789956760407
29,126.99,680.3333470869064
29,130.53,703.8403982973099
29,162.85,918.4584477663041
29,232.82,1383.0879317188262
29,143.32,788.7712415122985
29,206.71,1209.7068280172348
29,175.19,1000.401106505394
29,201.95,1178.0984766721724
29,204.67,1196.1603917264938
29,120.16,634.9793471527099
29,159.86,898.6036220264436
29,272.43,1646.1145696973801
29,135.16,734.5854963493347
29,63.99,261.98752046108245
29,213.65,1255.7912730455398
29,321.94,1974.8812661457064
29,109.02,561.00518034935
29,182.91,1051.6650712919236
29,216.15,1272.392297911644
29,125.84,672.6968756484986
29,83.93,394.39729479312905
29,65.52,272.14734767913814
29,37.32,84.88778718948365
29,205.89,1204.2616918611525
29,190.81,1104.1243098688126
29,207.87,1217.4097035551072
29,147.24,814.80164850235
29,138.22,754.9051507854462
29,154.15,860.6868812322617
29,176.78,1010.9593583202361
29,229.99,1364.2955715703965
29,230.14,1365.2916330623625
29,54.63,199.8332833623886
29,200.76,1170.1963888359069
29,245.82,1469.4132610225677
29,96.94,480.7890281963348
29,37.06,83.16128060340884
29,104.6,531.6545683860778
29,156.69,877.5535224962234
29,55.74,207.20413840293884
29,178.54,1022.6464798259735
29,105.63,538.4941906309127
29,191.01,1105.4523918581008
29,134.26,728.6091273975371
29,269.07,1623.802792277336
29,131.37,709.4183426523209
29,202.32,1180.5554283523559
29,144.44,796.2085006523132
29,148.66,824.231030626297
29,130.86,706.0317335796357
29,99.03,494.6674849843979
29,221.51,1307.9848952245711
29,118.19,621.8977395582199
29,161.91,912.2164624166489
29,229.24,1359.3152641105653
29,203.43,1187.9262833929063
29,188.66,1089.847428483963
29,158.25,887.9125620126724
29,76.95,348.0472333669663
29,189.22,1093.5660580539704
29,4.32,-134.24574104309082
29,130.35,702.6451245069503
29,90.05,435.0366036653519
29,139.0,760.0846705436707
29,172.53,982.7376160478591
29,206.51,1208.3787460279464
29,199.94,1164.7512526798248
29,135.32,735.6479619407653
29,156.03,873.1708519315719
29,154.78,864.8703394985198
29,136.65,744.4797071695328
29,90.94,440.9465685176849
29,175.68,1003.6549073791505
29,165.24,934.3290275382997
29,163.69,924.036392121315
29,178.57,1022.8456921243667
29,66.42,278.1237166309357
29,122.04,647.4633178520203
29,97.73,486.03495205402373
29,149.21,827.88325609684
29,140.15,767.7211419820786
29,13.23,-75.07968842029571
29,208.25,1219.933059334755
29,152.93,852.5855810976029
31,251.97,1510.251782193184
31,151.43,842.6249661779405
31,212.05,1245.1666171312334
31,172.39,981.8079586553572
31,190.84,1104.3235221672057
31,228.29,1353.0068746614456
31,284.22,1724.4050029659272
31,282.97,1716.1044905328752
31,266.49,1606.6705346155168
31,148.72,824.6294552230835
31,180.2,1033.6695603370665
31,148.8,825.1606880187989
31,158.21,887.6469456148147
31,163.69,924.036392121315
31,39.92,102.15285305023195
31,255.53,1533.891641602516
31,134.41,729.6051888895034
31,216.09,1271.9938733148574
31,196.63,1142.771495757103
31,148.77,824.9614757204057
31,217.47,1281.157639040947
31,228.29,1353.0068746614456
31,134.3,728.8747437953949
31,197.16,1146.2909130287171
31,98.13,488.69111603260035
31,239.4,1426.7818291664123
31,206.26,1206.718643541336
31,3177.1,20934.31412882805
31,225.52,1334.6129391098023
31,189.2,1093.4332498550414
31,372.07,2307.7650167608263
31,206.9,1210.9685059070587
31,191.41,1108.1085558366776
31,292.87,1781.8445490026475
31,223.99,1324.4531118917466
31,211.19,1239.4558645772934
31,184.48,1062.090514907837
31,234.57,1394.708649125099
31,211.83,1243.705726943016
31,179.46,1028.7556569766998
31,145.83,805.4386704778672
31,169.4,961.9531329154968
31,228.74,1355.9950591373445
31,220.67,1302.4069508695602
31,229.34,1359.9793051052093
31,257.09,1544.250681118965
31,207.19,1212.8942247915268
31,205.36,1200.7422745895387
31,195.14,1132.8772849369047
31,142.36,782.3964479637146
31,3.64,-138.76121980667114
31,168.53,956.1759762620925
31,78.81,360.39839586734774
31,254.53,1527.2512316560744
31,194.75,1130.2875250577927
31,0.0,-162.93231201171875
31,191.8,1110.69831571579
31,211.94,1244.4361720371246
31,201.68,1176.3055659866334
31,163.78,924.6340290164947
31,249.55,1494.1819901227952
31,147.79,818.4538739728927
31,194.17,1126.4360872888565
31,190.31,1100.8041048955918
31,260.26,1565.300780649185
31,164.75,931.0752266645432
31,201.87,1177.5672438764573
31,294.91,1795.3909852933884
31,206.95,1211.3005264043807
31,233.98,1390.7908072566986
31,143.47,789.7673030042648
31,207.73,1216.4800461626053
31,186.79,1077.4298618841171
31,202.22,1179.891387357712
31,108.55,557.8841876745224
31,209.09,1225.5110036897659
31,204.21,1193.1058031511307
31,237.12,1411.6416944885254
31,166.92,945.4849162483215
31,153.51,856.4370188665389
31,136.31,742.2219677877426
31,283.83,1721.8152430868147
31,184.82,1064.348254289627
31,239.54,1427.7114865589142
31,197.67,1149.6775221014022
31,196.44,1141.509817867279
31,243.18,1451.8825787639619
31,244.68,1461.8431936836243
31,280.08,1696.9137057876585
31,141.21,774.7599765253068
31,195.9,1137.9239964962005
31,203.7,1189.7191940784453
31,19.52,-33.311509857177725
31,152.64,850.6598622131347
31,91.42,444.1339652919769
31,46.33,144.7178808069229
31,243.21,1452.081791062355
31,198.88,1157.7124181365966
31,148.38,822.3717158412933
31,196.15,1139.584098982811
31,141.73,778.2129896974562
31,200.36,1167.5402248573305
31,92.47,451.10639573574065
31,244.37,1459.7846666002274
31,4.77,-131.25755656719207
31,284.76,1727.9908243370055
31,195.81,1137.3263596010208
31,198.68,1156.3843361473084
31,211.82,1243.6393228435516
31,210.38,1234.0771325206756
31,157.15,880.6081110715866
31,163.81,924.833241314888
31,200.37,1167.6066289567948
31,220.82,1303.4030123615264
31,227.45,1347.4289303064345
31,87.01,414.84975742816926
31,154.91,865.7335927915574
31,196.3,1140.5801604747774
31,95.34,470.16437228202824
31,64.96,268.42871810913084
31,166.35,941.6998825788498
31,228.99,1357.6551616239549
31,210.49,1234.8075776147843
31,250.38,1499.6935303783416
31,229.57,1361.5065993928908
31,205.55,1202.0039524793626
31,97.51,484.5740618658066
31,201.55,1175.442312693596
31,273.17,1651.028473057747
31,154.82,865.1359558963775
31,57.35,217.8951984167099
31,227.98,1350.9483475780487
31,200.21,1166.544163365364
31,116.74,612.2691451358795
31,179.4,1028.3572323799133
31,146.89,812.4775050210952
31,78.24,356.613362197876
31,259.41,1559.6564321947099
31,114.46,597.1290104579925
31,185.1,1066.2075690746308
31,60.05,235.82430527210232
31,287.34,1745.123081998825
31,252.12,1511.2478436851502
31,219.73,1296.164965519905
31,192.22,1113.4872878932954
31,199.56,1162.227896900177
31,87.43,417.6387296056748
31,249.2,1491.8578466415404
31,157.56,883.3306791496277
31,219.8,1296.6297942161561
31,106.12,541.7479915046692
31,157.55,883.2642750501634
31,219.39,1293.9072261381148
31,119.36,629.6670191955567
31,73.1,322.4816550731659
31,201.23,1173.3173815107345
31,132.23,715.1290952062606
31,120.04,634.182497959137
31,248.25,1485.549457192421
31,192.67,1116.475472369194
31,107.81,552.9702843141556
31,116.28,609.2145565605164
31,89.66,432.4468437862396
31,139.64,764.3345329093933
31,236.75,1409.184742808342
31,146.76,811.6142517280578
31,134.16,727.945086402893
31,95.84,473.48457725524906
31,332.01,2041.7501943063735
31,24.37,-1.1055216169357323
31,25.84,8.655881004333509
31,255.7,1535.0205112934111
31,134.66,731.2652913761139
31,198.22,1153.3297475719453
31,32.07,50.02563497066498
31,109.54,564.4581935214997
31,3.73,-138.1635829114914
31,92.57,451.77043673038474
31,228.0,1351.0811557769775
31,41.58,113.17593356132505
31,131.67,711.4104656362533
31,19.51,-33.377913956642146
33,483.45,3047.373876595497
33,227.64,1348.6906081962584
33,260.47,1566.695266737938
33,194.75,1130.2875250577927
33,273.26,1651.6261099529265
33,252.92,1516.5601716423034
33,190.67,1103.1946524763107
33,272.78,1648.4387131786345
33,263.54,1587.081325273514
33,253.22,1518.552294626236
33,184.84,1064.4810624885558
33,318.78,1953.8975707149502
33,233.26,1386.0097120952605
33,211.37,1240.651138367653
33,195.22,1133.4085177326203
33,182.93,1051.7978794908524
33,221.95,1310.9066756010054
33,301.54,1839.4169032382968
33,227.69,1349.0226286935806
33,268.46,1619.7521422100065
33,213.62,1255.5920607471467
33,193.76,1123.7135192108153
33,237.9,1416.8212142467498
33,281.19,1704.284560828209
33,265.95,1603.084713244438
33,294.26,1791.0747188282012
33,259.76,1561.9805756759642
33,246.95,1476.9169242620467
33,186.92,1078.2931151771545
33,402.29,2508.438205342293
33,256.17,1538.141503968239
33,207.56,1215.3511764717102
33,170.66,970.3200494480134
33,308.2,1883.6420334815978
33,280.86,1702.0932255458833
33,245.49,1467.221925740242
33,265.96,1603.1511173439023
33,207.91,1217.6753199529649
33,277.6,1680.4454891204834
33,210.1,1232.217817735672
33,233.48,1387.4706022834778
33,56.51,212.31725406169892
33,261.27,1572.007594695091
33,208.26,1219.9994634342193
33,305.8,1867.705049610138
33,270.04,1630.2439899253848
33,325.61,1999.2515706491472
33,189.02,1092.237976064682
33,183.73,1057.1102074480057
33,252.17,1511.5798641824722
33,164.36,928.4854667854311
33,288.92,1755.614929714203
33,237.12,1411.6416944885254
33,203.3,1187.063030099869
33,271.78,1641.798303232193
33,255.19,1531.633902220726
33,104.37,530.1272740983964
33,226.02,1337.933144083023
33,284.35,1725.2682562589646
33,186.54,1075.7697593975067
33,142.49,783.2597012567521
33,158.97,892.6936571741105
33,224.66,1328.9021865558625
33,51.47,178.84958793163298
33,195.94,1138.1896128940582
33,242.87,1449.824051680565
33,296.01,1802.695436234474
33,240.83,1436.277615389824
33,291.67,1773.8760570669176
33,204.85,1197.3556655168534
33,201.64,1176.0399495887755
33,250.49,1500.4239754724504
33,160.42,902.3222515964508
33,227.96,1350.8155393791199
33,230.62,1368.4790298366547
33,217.38,1280.5600021457672
33,191.38,1107.9093435382842
33,266.32,1605.5416649246215
33,186.24,1073.7776364135743
33,209.19,1226.17504468441
33,169.32,961.4219001197814
33,216.66,1275.7789069843293
33,274.59,1660.457855181694
33,294.28,1791.20752702713
33,132.25,715.2619034051895
33,204.67,1196.1603917264938
33,232.29,1379.5685144472122
33,187.51,1082.210957045555
33,271.73,1641.4662827348711
33,68.39,291.2053242254257
33,275.14,1664.1100806522368
33,257.73,1548.500543484688
33,218.88,1290.5206170654296
33,207.7,1216.280833864212
33,310.05,1895.9267918825149
33,191.73,1110.2334870195389
33,308.08,1882.8451842880247
33,286.09,1736.822569565773
33,185.81,1070.9222601366043
33,143.32,788.7712415122985
33,158.46,889.3070481014252
33,231.83,1376.513925871849
33,323.46,1984.9746892642975
33,80.4,370.95664768219
33,242.47,1447.1678877019883
33,259.86,1562.6446166706087
33,212.33,1247.025931916237
33,369.46,2290.4335468006134
33,381.9,2373.0402465343473
33,212.07,1245.299425330162
33,148.69,824.4302429246902
33,337.03,2075.0850522375104
33,283.08,1716.8349356269835
33,227.42,1347.2297180080413
33,189.49,1095.3589687395097
33,203.63,1189.2543653821945
33,287.4,1745.5215065956115
33,212.16,1245.8970622253419
33,158.67,890.7015341901779
33,162.16,913.8765649032594
33,239.71,1428.8403562498092
33,239.61,1428.1763152551653
33,221.19,1305.8599640417099
33,263.13,1584.3587571954727
33,176.96,1012.1546321105957
33,288.11,1750.2361976575853
33,245.88,1469.8116856193542
33,248.72,1488.6704498672486
33,201.1,1172.4541282176972
33,255.42,1533.1611965084076
33,212.69,1249.4164794969558
33,239.15,1425.121726679802
33,207.1,1212.296587896347
33,246.77,1475.7216504716873
33,265.04,1597.0419401931765
33,219.96,1297.6922598075867
33,258.16,1551.3559197616578
33,263.2,1584.8235858917235
33,203.56,1188.7895366859436
33,279.51,1693.1286721181868
33,200.73,1169.9971765375137
33,284.87,1728.7212694311143
33,64.82,267.499060716629
33,217.3,1280.028769350052
33,50.53,172.60760258197786
33,173.07,986.3234374189376
33,206.33,1207.183472237587
33,187.01,1078.8907520723342
33,270.73,1634.8258727884295
33,205.21,1199.7462130975723
33,77.49,351.63305473804473
33,176.03,1005.9790508604049
33,257.82,1549.0981803798675
33,201.15,1172.7861487150192
33,188.07,1085.9295866155624
33,184.85,1064.5474665880204
33,85.82,406.9476695919036
33,285.05,1729.9165432214738
33,163.43,922.3098855352403
33,225.26,1332.8864325237273
33,226.99,1344.3743417310716
33,131.74,711.8752943325044
33,244.18,1458.5229887104035
33,186.69,1076.765820889473
33,228.7,1355.7294427394866
33,439.81,2757.5863865327833
33,90.84,440.2825275230408
33,92.98,454.4930048084259
33,230.53,1367.8813929414748
33,269.4,1625.9941275596618
33,176.03,1005.9790508604049
33,258.72,1555.0745493316651
33,227.81,1349.8194778871537
33,201.85,1177.4344356775284
33,134.37,729.3395724916459
33,227.17,1345.569615521431
33,373.78,2319.120117769241
33,289.1,1756.8102035045624
33,264.16,1591.1983794403077
33,248.48,1487.0767514801025
33,142.4,782.6620643615723
33,216.69,1275.9781192827224
33,228.59,1354.998997645378
33,276.1,1670.484874200821
33,248.06,1484.287779302597
33,253.27,1518.884315123558
33,169.07,959.761797633171
33,171.43,975.4331651067735
33,146.3,808.5596631526947
33,282.37,1712.1202445650101
33,266.3,1605.4088567256929
33,126.17,674.8882109308242
33,221.05,1304.9303066492082
33,160.54,903.1191007900238
33,156.0,872.9716396331787
33,129.24,695.2742694664003
33,178.63,1023.2441167211532
33,158.55,889.904684996605
33,203.99,1191.6449129629136
33,277.71,1681.1759342145917
33,256.95,1543.3210237264632
33,138.27,755.2371712827684
33,175.0,999.1394286155701
33,291.29,1771.3527012872698
33,260.64,1567.8241364288328
33,112.22,582.2544921779632
33,126.26,675.485847826004
33,52.99,188.9430110502243
35,257.4,1546.309208202362
35,225.32,1333.2848571205138
35,344.86,2127.079462118149
35,222.92,1317.347873249054
35,218.75,1289.6573637723923
35,249.17,1491.6586343431472
35,307.32,1877.7984727287292
35,283.91,1722.3464758825303
35,273.95,1656.2079928159712
35,204.09,1192.3089539575576
35,259.64,1561.1837264823912
35,281.22,1704.4837731266023
35,216.04,1271.6618528175354
35,240.38,1433.2894309139251
35,254.31,1525.7903414678574
35,245.89,1469.8780897188185
35,277.66,1680.84391371727
35,267.76,1615.1038552474974
35,306.24,1870.6268299865724
35,235.76,1402.6107369613646
35,182.02,1045.7551064395905
35,383.65,2384.66096394062
35,218.21,1286.0715424013138
35,300.27,1830.9835826063154
35,236.7,1408.8527223110198
35,237.18,1412.040119085312
35,371.26,2302.3862847042083
35,208.62,1222.3900110149384
35,251.31,1505.8691116285324
35,170.53,969.4567961549758
35,265.0,1596.7763237953186
35,171.45,975.5659733057021
35,354.34,2190.0305484104156
35,338.28,2083.3855646705624
35,254.96,1530.1066079330444
35,125.41,669.8414993715286
35,244.92,1463.4368920707702
35,269.41,1626.0605316591264
35,288.98,1756.0133543109896
35,247.59,1481.1667866277694
35,322.6,1979.263936710358
35,326.66,2006.2240010929108
35,197.5,1148.5486524105072
35,232.06,1378.0412201595307
35,305.88,1868.2362824058532
35,266.35,1605.7408772230149
35,230.82,1369.807111825943
35,296.06,1803.0274567317963
35,322.68,1979.7951695060729
35,146.76,811.6142517280578
35,256.26,1538.7391408634185
35,296.52,1806.0820453071592
35,213.21,1252.8694926691055
35,269.47,1626.4589562559129
35,192.88,1117.8699584579467
35,200.11,1165.88012237072
35,240.32,1432.8910063171386
35,278.26,1684.8281596851348
35,256.14,1537.9422916698454
35,209.61,1228.9640168619158
35,182.3,1047.6144212245943
35,205.91,1204.3945000600816
35,318.23,1950.2453452444079
35,209.62,1229.03042096138
35,231.36,1373.3929331970216
35,175.16,1000.2018942070008
35,331.1,2035.707421255112
35,179.33,1027.8924036836625
35,239.8,1429.4379931449892
35,283.68,1720.8191815948487
35,191.34,1107.6437271404266
35,587.73,3739.8358258104327
35,240.66,1435.148745698929
35,181.63,1043.1653465604782
35,268.96,1623.0723471832273
35,194.23,1126.834511885643
35,277.41,1679.1838112306596
35,221.77,1309.711401810646
35,162.74,917.7280026721955
35,143.05,786.9783308267594
35,185.04,1065.8091444778443
35,266.13,1604.2799870347976
35,194.71,1130.021908659935
35,119.7,631.9247585773468
35,179.44,1028.622848777771
35,334.41,2057.6871781778336
35,33.04,56.46683261871337
35,165.8,938.047657108307
35,149.39,829.0785298871994
35,233.26,1386.0097120952605
35,170.11,966.6678239774706
35,256.12,1537.8094834709168
35,276.7,1674.4691201686858
35,278.61,1687.1523031663896
35,289.87,1761.9233191633225
35,198.42,1154.6578295612335
35,244.06,1457.7261395168305
35,165.65,937.0515956163406
35,313.68,1920.031479988098
35,158.22,887.7133497142793
35,284.3,1724.9362357616426
35,252.43,1513.3063707685471
35,58.34,224.46920426368717
35,205.95,1204.660116457939
35,224.75,1329.4998234510422
35,156.51,876.3582487058638
35,112.98,587.3012037372589
35,238.82,1422.9303913974761
35,209.25,1226.5734692811966
35,328.08,2015.653383216858
35,311.62,1906.3522354984284
35,146.1,807.2315811634063
35,150.52,836.5821931266786
35,182.41,1048.3448663187028
35,144.32,795.4116514587402
35,145.66,804.309800786972
35,250.55,1500.822400069237
35,171.37,975.0347405099869
35,235.73,1402.4115246629715
35,252.52,1513.9040076637268
35,104.17,528.7991921091079
35,232.94,1383.8847809123993
35,254.4,1526.387978363037
35,253.75,1522.07171189785
35,147.61,817.2586001825333
35,223.53,1321.3985233163833
35,312.97,1915.316788926125
35,177.83,1017.931788764
35,288.49,1752.759553437233
35,242.47,1447.1678877019883
35,313.09,1916.1136381196975
35,128.53,690.5595784044266
35,283.26,1718.030209417343
35,70.34,304.154123620987
35,238.29,1419.4109741258621
35,25.94,9.319921998977662
35,69.06,295.65439888954165
35,328.89,2021.0321152734755
35,111.64,578.403054409027
35,193.42,1121.4557798290252
35,139.95,766.3930599927902
35,11.99,-83.31379675388337
35,159.82,898.3380056285857
35,236.66,1408.5871059131623
35,287.3,1744.8574656009675
35,168.37,955.113510670662
35,341.0,2101.447479724884
35,206.79,1210.2380608129502
35,241.04,1437.6721014785767
35,266.59,1607.3345756101608
35,287.21,1744.2598287057874
35,13.79,-71.3610588502884
35,270.52,1633.4313866996763
35,432.13,2706.5880381441116
35,309.25,1890.6144639253616
35,143.67,791.0953849935531
35,35.49,72.73583698749545
35,269.66,1627.7206341457368
35,210.96,1237.9285702896118
35,171.74,977.4916921901704
35,275.96,1669.5552168083188
35,272.41,1645.9817614984513
35,81.83,380.45243390560154
35,99.65,498.7845391511918
35,38.85,95.04761440753936
35,257.58,1547.5044819927214
35,190.49,1101.9993786859513
35,50.54,172.67400668144228
35,194.27,1127.1001282835007
35,214.67,1262.5644911909103
35,154.36,862.0813673210146
35,247.56,1480.9675743293762
35,177.91,1018.4630215597153
35,310.93,1901.7703526353835
35,131.56,710.6800205421448
35,236.09,1404.8020722436904
35,101.06,508.14751717567447
35,234.78,1396.1031352138518
35,213.92,1257.584183731079
35,282.88,1715.5068536376953
35,326.49,2005.0951314020158
35,238.95,1423.7936446905135
35,138.93,759.6198418474198
35,124.75,665.4588288068771
35,217.44,1280.9584267425537
35,281.19,1704.284560828209
35,135.57,737.3080644273757
35,297.59,1813.187283949852
35,185.25,1067.203630566597
35,245.36,1466.3586724472048
35,49.76,167.49448692321778
35,236.6,1408.1886813163758
